bluetooth send,1532732800293
bluetooth sent,1532732800293
bluetooth send,1532732800593
bluetooth sent,1532732800593
bluetooth send,1532732800893
bluetooth sent,1532732800894
bluetooth send,1532732801194
bluetooth sent,1532732801194
bluetooth send,1532732801495
bluetooth sent,1532732801495
bluetooth send,1532732801795
bluetooth sent,1532732801795
bluetooth send,1532732802095
bluetooth sent,1532732802096
bluetooth send,1532732802396
bluetooth sent,1532732802396
bluetooth send,1532732802696
bluetooth sent,1532732802696
bluetooth send,1532732802997
bluetooth sent,1532732802997
bluetooth send,1532732803297
bluetooth sent,1532732803297
bluetooth send,1532732803597
bluetooth sent,1532732803598
bluetooth send,1532732803898
bluetooth sent,1532732803898
bluetooth send,1532732804198
bluetooth sent,1532732804199
bluetooth send,1532732804499
bluetooth sent,1532732804500
bluetooth send,1532732804801
bluetooth sent,1532732804801
bluetooth send,1532732805102
bluetooth sent,1532732805102
bluetooth send,1532732805402
bluetooth sent,1532732805402
bluetooth send,1532732805702
bluetooth sent,1532732805702
bluetooth send,1532732806003
bluetooth sent,1532732806003
bluetooth send,1532732806303
bluetooth sent,1532732806303
bluetooth send,1532732806603
bluetooth sent,1532732806604
bluetooth send,1532732806904
bluetooth sent,1532732806904
bluetooth send,1532732807204
bluetooth sent,1532732807205
bluetooth send,1532732807505
bluetooth sent,1532732807505
bluetooth send,1532732807805
bluetooth sent,1532732807806
bluetooth send,1532732808106
bluetooth sent,1532732808106
bluetooth send,1532732808406
bluetooth sent,1532732808406
bluetooth send,1532732808707
bluetooth sent,1532732808707
bluetooth send,1532732809007
bluetooth sent,1532732809007
bluetooth send,1532732809308
bluetooth sent,1532732809308
bluetooth send,1532732809608
bluetooth sent,1532732809608
bluetooth send,1532732809908
bluetooth sent,1532732809909
bluetooth send,1532732810209
bluetooth sent,1532732810209
bluetooth send,1532732810509
bluetooth sent,1532732810510
bluetooth send,1532732810810
bluetooth sent,1532732810810
bluetooth send,1532732811110
bluetooth sent,1532732811110
bluetooth send,1532732811411
bluetooth sent,1532732811411
bluetooth send,1532732811711
bluetooth sent,1532732811711
bluetooth send,1532732812012
bluetooth sent,1532732812012
bluetooth send,1532732812312
bluetooth sent,1532732812312
bluetooth send,1532732812612
bluetooth sent,1532732812613
bluetooth send,1532732812913
bluetooth sent,1532732812913
bluetooth send,1532732813213
bluetooth sent,1532732813214
bluetooth send,1532732813514
bluetooth sent,1532732813514
bluetooth send,1532732813814
bluetooth sent,1532732813815
bluetooth send,1532732814115
bluetooth sent,1532732814115
bluetooth send,1532732814415
bluetooth sent,1532732814415
bluetooth send,1532732814716
bluetooth sent,1532732814716
bluetooth send,1532732815016
bluetooth sent,1532732815017
bluetooth send,1532732815317
bluetooth sent,1532732815317
bluetooth send,1532732815617
bluetooth sent,1532732815617
bluetooth send,1532732815918
bluetooth sent,1532732815918
bluetooth send,1532732816218
bluetooth sent,1532732816218
bluetooth send,1532732816519
bluetooth sent,1532732816519
bluetooth send,1532732816819
bluetooth sent,1532732816819
bluetooth send,1532732817119
bluetooth sent,1532732817120
bluetooth send,1532732817420
bluetooth sent,1532732817420
bluetooth send,1532732817720
bluetooth sent,1532732817721
bluetooth send,1532732818021
bluetooth sent,1532732818021
bluetooth send,1532732818321
bluetooth sent,1532732818322
bluetooth send,1532732818622
bluetooth sent,1532732818622
bluetooth send,1532732818922
bluetooth sent,1532732818923
bluetooth send,1532732819223
bluetooth sent,1532732819223
bluetooth send,1532732819523
bluetooth sent,1532732819523
bluetooth send,1532732819824
bluetooth sent,1532732819824
bluetooth send,1532732820124
bluetooth sent,1532732820124
bluetooth send,1532732820424
bluetooth sent,1532732820425
bluetooth send,1532732820725
bluetooth sent,1532732820725
bluetooth send,1532732821025
bluetooth sent,1532732821026
bluetooth send,1532732821326
bluetooth sent,1532732821326
bluetooth send,1532732821626
bluetooth sent,1532732821626
bluetooth send,1532732821926
bluetooth sent,1532732821927
bluetooth send,1532732822227
bluetooth sent,1532732822227
bluetooth send,1532732822527
bluetooth sent,1532732822528
bluetooth send,1532732822828
bluetooth sent,1532732822828
bluetooth send,1532732823128
bluetooth sent,1532732823128
bluetooth send,1532732823428
bluetooth sent,1532732823429
bluetooth send,1532732823729
bluetooth sent,1532732823729
bluetooth send,1532732824029
bluetooth sent,1532732824029
